ID,Node,Subsystem,Event,Timestamp,Unknown,Message,log_level,Resolution_Steps
2557285,node-233,unix.hw,state_change.unavailable,2004-01-01 08:32:01,1,Component State Change: Component \042alt0\042 is in the unavailable state (HWID=1328),ERROR,"Here is my analysis and suggested remediation steps for the given HPC error log message:

**Issue Summary:**
A component (alt0\xxx) in the HPC system has transitioned to an unavailable state, indicating a potential hardware or configuration issue.

**Possible Causes:**

* Hardware failure or malfunction of the component (e.g., faulty or damaged hardware)
* Incorrect or incomplete configuration of the component
* Incompatibility or mismatch between the component and the system's firmware or software
* Overheating or thermal issues affecting the component's operation
* Power supply or voltage issues affecting the component's operation
* Firmware or software bugs causing the component to malfunction

**Resolution Steps:**

1. **Gather more information**: Check the system logs for additional error messages or warnings related to the component to gain a better understanding of the issue.
2. **Verify component configuration**: Review the system configuration files and settings to ensure that the component is properly configured and enabled.
3. **Run diagnostic tests**: Execute built-in diagnostic tests or run third-party tools to identify any hardware issues with the component.
4. **Check for firmware or software updates**: Verify if there are any updates available for the component's firmware or software and apply them if necessary.
5. **Perform a power cycle**: Power cycle the system or the component to reset its state and attempt to recover from the unavailable state.
6. **Check for thermal issues**: Verify that the system's cooling system is functioning correctly, and the component is within a safe operating temperature range.
7. **Replace the component (if necessary)**: If the issue persists after attempting the above steps, it may be necessary to replace the faulty component to restore system functionality.
8. **Verify system functionality**: After resolving the issue, verify that the system is functioning correctly and the component is operating in a healthy state.

By following these steps, you should be able to identify and resolve the underlying cause of the component's unavailable state, ensuring the reliable operation of your HPC system."
2562603,node-233,unix.hw,state_change.unavailable,2004-01-08 08:34:05,1,Component State Change: Component \042alt0\042 is in the unavailable state (HWID=1328),ERROR,"Here is my analysis and suggested remediation steps for the given HPC error log message:

**Issue Summary:**
A component (alt0\xxx) in the HPC system has transitioned to an unavailable state, indicating a potential hardware or configuration issue.

**Possible Causes:**

* Hardware failure or malfunction of the component (e.g., faulty or damaged hardware)
* Incorrect or incomplete configuration of the component
* Incompatibility or mismatch between the component and the system's firmware or software
* Overheating or thermal issues affecting the component's operation
* Power supply or voltage issues affecting the component's operation
* Firmware or software bugs causing the component to malfunction

**Resolution Steps:**

1. **Gather more information**: Check the system logs for additional error messages or warnings related to the component to gain a better understanding of the issue.
2. **Verify component configuration**: Review the system configuration files and settings to ensure that the component is properly configured and enabled.
3. **Run diagnostic tests**: Execute built-in diagnostic tests or run third-party tools to identify any hardware issues with the component.
4. **Check for firmware or software updates**: Verify if there are any updates available for the component's firmware or software and apply them if necessary.
5. **Perform a power cycle**: Power cycle the system or the component to reset its state and attempt to recover from the unavailable state.
6. **Check for thermal issues**: Verify that the system's cooling system is functioning correctly, and the component is within a safe operating temperature range.
7. **Replace the component (if necessary)**: If the issue persists after attempting the above steps, it may be necessary to replace the faulty component to restore system functionality.
8. **Verify system functionality**: After resolving the issue, verify that the system is functioning correctly and the component is operating in a healthy state.

By following these steps, you should be able to identify and resolve the underlying cause of the component's unavailable state, ensuring the reliable operation of your HPC system."
2561225,node-228,unix.hw,state_change.unavailable,2004-01-06 07:25:07,1,Component State Change: Component \042alt0\042 is in the unavailable state (HWID=252),ERROR,"Here is my analysis and suggested remediation steps for the given HPC error log message:

**Issue Summary:**
The HPC system has reported that a component, specifically 'alt0\xxx', has transitioned to an unavailable state, indicating a potential hardware or software failure.

**Possible Causes:**

* Hardware failure: The component 'alt0\xxx' may have experienced a physical failure, such as a faulty or damaged component.
* Software configuration issue: The component's software configuration may be incorrect or corrupted, preventing it from functioning properly.
* Resource contention: The component may be experiencing resource contention, such as insufficient memory or CPU resources, causing it to become unavailable.
* Firmware or driver issue: The firmware or driver associated with the component may be outdated, corrupted, or incompatible, leading to the unavailable state.
* Node or system-level issue: A problem at the node or system level, such as a network connectivity issue or a system software problem, may be causing the component to become unavailable.

**Resolution Steps:**

1. **Gather more information**: Review the system logs and monitoring tools to gather more details about the error, such as the exact timestamp, node, and component involved.
2. **Verify component status**: Use system management tools, such as `systemctl` or `crm_mon`, to verify the current status of the component and confirm that it is indeed in an unavailable state.
3. **Check hardware status**: Physically inspect the component and its connections to ensure there are no signs of physical damage or failure.
4. **Review software configuration**: Verify that the component's software configuration is correct and up-to-date, and check for any recent changes that may have caused the issue.
5. **Check resource utilization**: Monitor system resource utilization to identify any potential resource contention issues that may be contributing to the component's unavailability.
6. **Update firmware or drivers**: If necessary, update the firmware or drivers associated with the component to the latest versions.
7. **Restart the component**: Attempt to restart the component to see if it can be brought back online.
8. **Escalate if necessary**: If the issue persists, escalate the problem to the system administrators or hardware vendors for further assistance and potential hardware replacement.

By following these steps, you should be able to identify and resolve the underlying cause of the component's unavailability, restoring the HPC system to a healthy state."
2598209,node-ms0,unix.hw,state_change.unavailable,2004-01-16 22:14:33,1,Component State Change: Component \042alt0\042 is in the unavailable state (HWID=61),ERROR,"Here is my analysis and suggested remediation steps for the given HPC error log message:

**Issue Summary:**
The HPC system has reported that a component, specifically 'alt0\xxx', has transitioned to an unavailable state, indicating a potential hardware or software failure.

**Possible Causes:**

* Hardware failure: The component 'alt0\xxx' may have experienced a physical failure, such as a faulty or damaged component.
* Software configuration issue: The component's software configuration may be incorrect or corrupted, preventing it from functioning properly.
* Resource contention: The component may be experiencing resource contention, such as insufficient memory or CPU resources, causing it to become unavailable.
* Firmware or driver issue: The firmware or driver associated with the component may be outdated, corrupted, or incompatible, leading to the unavailable state.
* Node or system-level issue: A problem at the node or system level, such as a network connectivity issue or a system software problem, may be causing the component to become unavailable.

**Resolution Steps:**

1. **Gather more information**: Review the system logs and monitoring tools to gather more details about the error, such as the exact timestamp, node, and component involved.
2. **Verify component status**: Use system management tools, such as `systemctl` or `crm_mon`, to verify the current status of the component and confirm that it is indeed in an unavailable state.
3. **Check hardware status**: Physically inspect the component and its connections to ensure there are no signs of physical damage or failure.
4. **Review software configuration**: Verify that the component's software configuration is correct and up-to-date, and check for any recent changes that may have caused the issue.
5. **Check resource utilization**: Monitor system resource utilization to identify any potential resource contention issues that may be contributing to the component's unavailability.
6. **Update firmware or drivers**: If necessary, update the firmware or drivers associated with the component to the latest versions.
7. **Restart the component**: Attempt to restart the component to see if it can be brought back online.
8. **Escalate if necessary**: If the issue persists, escalate the problem to the system administrators or hardware vendors for further assistance and potential hardware replacement.

By following these steps, you should be able to identify and resolve the underlying cause of the component's unavailability, restoring the HPC system to a healthy state."
2598216,node-ms0,unix.hw,state_change.unavailable,2004-01-16 22:19:30,1,Component State Change: Component \042alt0\042 is in the unavailable state (HWID=61),ERROR,"Here is my analysis and suggested remediation steps for the given HPC error log message:

**Issue Summary:**
The HPC system has reported that a component, specifically 'alt0\xxx', has transitioned to an unavailable state, indicating a potential hardware or software failure.

**Possible Causes:**

* Hardware failure: The component 'alt0\xxx' may have experienced a physical failure, such as a faulty or damaged component.
* Software configuration issue: The component's software configuration may be incorrect or corrupted, preventing it from functioning properly.
* Resource contention: The component may be experiencing resource contention, such as insufficient memory or CPU resources, causing it to become unavailable.
* Firmware or driver issue: The firmware or driver associated with the component may be outdated, corrupted, or incompatible, leading to the unavailable state.
* Node or system-level issue: A problem at the node or system level, such as a network connectivity issue or a system software problem, may be causing the component to become unavailable.

**Resolution Steps:**

1. **Gather more information**: Review the system logs and monitoring tools to gather more details about the error, such as the exact timestamp, node, and component involved.
2. **Verify component status**: Use system management tools, such as `systemctl` or `crm_mon`, to verify the current status of the component and confirm that it is indeed in an unavailable state.
3. **Check hardware status**: Physically inspect the component and its connections to ensure there are no signs of physical damage or failure.
4. **Review software configuration**: Verify that the component's software configuration is correct and up-to-date, and check for any recent changes that may have caused the issue.
5. **Check resource utilization**: Monitor system resource utilization to identify any potential resource contention issues that may be contributing to the component's unavailability.
6. **Update firmware or drivers**: If necessary, update the firmware or drivers associated with the component to the latest versions.
7. **Restart the component**: Attempt to restart the component to see if it can be brought back online.
8. **Escalate if necessary**: If the issue persists, escalate the problem to the system administrators or hardware vendors for further assistance and potential hardware replacement.

By following these steps, you should be able to identify and resolve the underlying cause of the component's unavailability, restoring the HPC system to a healthy state."
